{
    "best_value_mae": 3.449619459176857,
    "best_params": {
        "n_estimators": 744,
        "learning_rate": 0.009704229644191617,
        "num_leaves": 81,
        "max_depth": 13,
        "min_child_samples": 30,
        "subsample": 0.8298281316536745,
        "colsample_bytree": 0.869152082042293,
        "reg_alpha": 0.1913563935487522,
        "reg_lambda": 1.2183011632135943
    }
}