number,value,params_colsample_bytree,params_learning_rate,params_max_depth,params_min_child_samples,params_n_estimators,params_num_leaves,params_reg_alpha,params_reg_lambda,params_subsample,state
0,3.4728972579463964,0.7174250836504598,0.028107985805517873,13,10,812,74,0.17323522915498704,1.3617840187891341,0.7467983561008608,COMPLETE
1,3.4545715329998012,0.7550213529560301,0.008220649472734208,15,12,1179,89,0.06084844859190755,1.2396102906115805,0.7545474901621302,COMPLETE
2,3.453361089206523,0.8368209952651108,0.011756136487399257,9,15,875,67,0.15703519227860274,0.7194780514533756,0.8099085529881075,COMPLETE
