{
    "best_value_mae": 3.453361089206523,
    "best_params": {
        "n_estimators": 875,
        "learning_rate": 0.011756136487399257,
        "num_leaves": 67,
        "max_depth": 9,
        "min_child_samples": 15,
        "subsample": 0.8099085529881075,
        "colsample_bytree": 0.8368209952651108,
        "reg_alpha": 0.15703519227860274,
        "reg_lambda": 0.7194780514533756
    }
}